{
  "Created": "proxmark3",
  "FileType": "settings",
  "show.emoji": "alttext",
  "show.hints": true,
  "output.dense": false,
  "os.supports.colors": true,
  "file.default.savepath": "E:\\FOR_Proxmark_Easy_512K\\PM3_2023\\client\\",
  "file.default.dumppath": "E:\\FOR_Proxmark_Easy_512K\\PM3_2023\\client\\",
  "file.default.tracepath": "E:\\FOR_Proxmark_Easy_512K\\PM3_2023\\client\\",
  "window.plot.xpos": 10,
  "window.plot.ypos": 30,
  "window.plot.hsize": 400,
  "window.plot.wsize": 800,
  "window.overlay.xpos": 10,
  "window.overlay.ypos": 490,
  "window.overlay.hsize": 200,
  "window.overlay.wsize": 800,
  "window.overlay.sliders": true,
  "client.debug.level": "off",
  "show.bar.mode": "value",
  "client.exe.delay": 0,
  "client.timeout": 0
}